date,value
1997-12-01,1.596698959454601
1998-01-01,1.1983544983008354
1998-02-01,1.249330715688024
1998-03-01,1.2477718360071277
1998-04-01,1.5154216437867518
1998-05-01,1.4399999999999968
1998-06-01,1.4572596410165284
1998-07-01,1.403197158081726
1998-08-01,1.258865248226959
1998-09-01,1.1337466784765216
1998-10-01,1.0623229461756312
1998-11-01,0.9193776520509234
1998-12-01,0.8476072752957808
1999-01-01,0.8660303994344254
1999-02-01,0.8284858099770975
1999-03-01,1.0211267605633845
1999-04-01,1.1415525114155445
1999-05-01,0.9989484752891631
1999-06-01,0.9283587318269282
1999-07-01,1.0860045542126384
1999-08-01,1.173174575380842
1999-09-01,1.2961989840602373
1999-10-01,1.3665031534688232
1999-11-01,1.5066573230553493
1999-12-01,1.821047102083706
2000-01-01,1.927457508323105
2000-02-01,2.027972027972025
2000-03-01,2.073893342628086
2000-04-01,1.7885049487758264
2000-05-01,1.8566718722887288
2000-06-01,2.221450885109344
2000-07-01,2.1486744065153385
2000-08-01,2.1114572516441665
2000-09-01,2.4727650008645963
2000-10-01,2.471482889733845
2000-11-01,2.537107352433554
2000-12-01,2.5623387790197905
2001-01-01,2.0973010142685267
2001-02-01,2.073337902673056
2001-03-01,2.253713505207444
2001-04-01,2.780620948481749
2001-05-01,3.1175468483815916
2001-06-01,2.9371816638370296
2001-07-01,2.6123833757421444
2001-08-01,2.440677966101701
2001-09-01,2.2612217347283137
2001-10-01,2.3106763366503635
2001-11-01,2.036694159232444
2001-12-01,2.0959087860496384
2002-01-01,2.643542683953526
2002-02-01,2.501259022998159
2002-03-01,2.5212890298881296
2002-04-01,2.37344398340249
2002-05-01,2.0816124235915945
2002-06-01,1.8802572983671384
2002-07-01,2.000330633162517
2002-08-01,2.167438782263398
2002-09-01,2.1452145214521323
2002-10-01,2.291460600065953
2002-11-01,2.2764764104256097
2002-12-01,2.315651174248634
2003-01-01,2.1489501312335957
2003-02-01,2.3910907304290907
2003-03-01,2.4104234527687396
2003-04-01,2.1076523994811858
2003-05-01,1.8611425797054437
2003-06-01,2.023636069289303
2003-07-01,1.9773095623986991
2003-08-01,2.056680161943314
2003-09-01,2.1647819063004947
2003-10-01,2.078968573730866
2003-11-01,2.1935483870967776
2003-12-01,2.022471910112378
2004-01-01,1.8467962100529922
2004-02-01,1.679462571976953
2004-03-01,1.7334605597964403
2004-04-01,2.0959034614163263
2004-05-01,2.4785510009532885
2004-06-01,2.4119327197715146
2004-07-01,2.3521932612841745
2004-08-01,2.3960647413519442
2004-09-01,2.1505376344086002
2004-10-01,2.3839595832017446
2004-11-01,2.2885101010100994
2004-12-01,2.344241661422264
2005-01-01,1.939451277199633
2005-02-01,2.076451156205761
2005-03-01,2.188525871502267
2005-04-01,2.083981337480556
2005-05-01,1.9844961240309988
2005-06-01,2.045243259993801
2005-07-01,2.1428571428571352
2005-08-01,2.1850302185030257
2005-09-01,2.6006191950464608
2005-10-01,2.4672320740169784
2005-11-01,2.314457645425083
2005-12-01,2.2751729438893253
2006-01-01,2.459396751740117
2006-02-01,2.3578363384188616
2006-03-01,2.2028453418999394
2006-04-01,2.4527726995734245
2006-05-01,2.523563393128603
2006-06-01,2.474946856969318
2006-07-01,2.477956825782912
2006-08-01,2.3202911737943532
2006-09-01,1.7954133977067022
2006-10-01,1.6252821670428963
2006-11-01,1.8700045242044938
2006-12-01,1.9239440853750178
2007-01-01,1.85688405797102
2007-02-01,1.88196326407708
2007-03-01,1.9607843137254832
2007-04-01,1.9330855018587334
2007-05-01,1.883155397390257
2007-06-01,1.9113942806341822
2007-07-01,1.794985907135449
2007-08-01,1.7785682525566893
2007-09-01,2.1639247072773093
2007-10-01,2.5766326077298896
2007-11-01,3.1088082901554515
2007-12-01,3.1116354519982403
2008-01-01,3.2755298651252485
2008-02-01,3.3249593616077933
2008-03-01,3.6553141514973575
2008-04-01,3.3406272793581326
2008-05-01,3.7403580264881553
2008-06-01,4.041872637394595
2008-07-01,4.124162051879909
2008-08-01,3.9027231687781994
2008-09-01,3.7139126650224785
2008-10-01,3.2337231124585086
2008-11-01,2.182340272792538
2008-12-01,1.659038901601817
2009-01-01,1.176808266360485
2009-02-01,1.2442791762013794
2009-03-01,0.6231411981305834
2009-04-01,0.6493506493506329
2009-05-01,0.08417508417508657
2009-06-01,-0.11179429849077493
2009-07-01,-0.6158152554233687
2009-08-01,-0.14015416958653715
2009-09-01,-0.32172331794655395
2009-10-01,-0.12585652356313926
2009-11-01,0.47772938035690604
2009-12-01,0.9144625773776172
2010-01-01,0.9219858156028549
2010-02-01,0.8193247633846656
2010-03-01,1.5622800844475648
2010-04-01,1.6129032258064502
2010-05-01,1.6820857863750982
2010-06-01,1.4829322887520924
2010-07-01,1.718067877763696
2010-08-01,1.5719298245614022
2010-09-01,1.8804378332865301
2010-10-01,1.9462335480257664
2010-11-01,1.915815969794421
2010-12-01,2.216645754914248
2011-01-01,2.319044272663384
2011-02-01,2.437999159310622
2011-03-01,2.674611973392471
2011-04-01,2.843340234644587
2011-05-01,2.7295285359801413
2011-06-01,2.7157430383236925
2011-07-01,2.5751072961373467
2011-08-01,2.5563078623739077
2011-09-01,2.988980716253442
2011-10-01,3.0490317264112
2011-11-01,3.032381997804623
2011-12-01,2.755046372067671
2012-01-01,2.6648351648351554
2012-02-01,2.7356038845575137
2012-03-01,2.685922526656759
2012-04-01,2.5768353241175657
2012-05-01,2.4288781535158455
2012-06-01,2.3620990471077574
2012-07-01,2.4024834660548056
2012-08-01,2.6138507140932354
2012-09-01,2.6079978601043274
2012-10-01,2.49233639877382
2012-11-01,2.1973631642029368
2012-12-01,2.2298911600743265
2013-01-01,1.980198019801982
2013-02-01,1.8506190919983956
2013-03-01,1.7350157728706739
2013-04-01,1.1775480832133756
2013-05-01,1.414908947988991
2013-06-01,1.61269175298282
2013-07-01,1.5948332674311283
2013-08-01,1.3392857142857206
2013-09-01,1.0818561001042726
2013-10-01,0.728218465539654
2013-11-01,0.8470158978368669
2013-12-01,0.84393663983382
2014-01-01,0.7609551298871642
2014-02-01,0.7058823529411784
2014-03-01,0.46511627906977715
2014-04-01,0.7112375533428139
2014-05-01,0.4908926495285071
2014-06-01,0.4903225806451639
2014-07-01,0.37623248572911105
2014-08-01,0.3627882871209964
2014-09-01,0.3223726627981982
2014-10-01,0.37438678027370553
2014-11-01,0.28427445406382645
2014-12-01,-0.16737479078150486
2015-01-01,-0.5989583333333215
2015-02-01,-0.29854620976116353
2015-03-01,-0.06430041152264421
2015-04-01,0.20544427324089565
2015-05-01,0.6041907700218507
2015-06-01,0.500770416024654
2015-07-01,0.5428460643660316
2015-08-01,0.4260263361735239
2015-09-01,0.20565552699227663
2015-10-01,0.38585209003214604
2015-11-01,0.14173431258859281
2015-12-01,0.24503482073767735
2016-01-01,0.3143830233167444
2016-02-01,-0.13019138133056884
2016-03-01,-0.05147342684338474
2016-04-01,-0.25627883136852825
2016-05-01,-0.12777919754665135
2016-06-01,0.03832886163281923
2016-07-01,0.16711659596349016
2016-08-01,0.23139220979560005
2016-09-01,0.39763981528988523
2016-10-01,0.5124919923126248
2016-11-01,0.5790015440041207
2016-12-01,1.0935288820275169
2017-01-01,1.7367458866544672
2017-02-01,1.9554165037152904
2017-03-01,1.5449980687524123
2017-04-01,1.8884892086330929
2017-05-01,1.394575230296824
2017-06-01,1.3026819923371624
2017-07-01,1.3347022587268942
2017-08-01,1.539053482108499
2017-09-01,1.5587070397342417
2017-10-01,1.3766730401529648
2017-11-01,1.5223231418702854
2017-12-01,1.3489437515907365
2018-01-01,1.2963676036452432
2018-02-01,1.1251758087201358
2018-03-01,1.3947001394700065
2018-04-01,1.2356575463371655
2018-05-01,1.94321766561516
2018-06-01,1.9667170953101332
2018-07-01,2.20364741641339
2018-08-01,2.084122773777941
2018-09-01,2.0757327965782
2018-10-01,2.275870740601027
2018-11-01,1.927923387096775
2018-12-01,1.5193370165745845
2019-01-01,1.38114546376078
2019-02-01,1.491971172082418
2019-03-01,1.4005251969488652
2019-04-01,1.7187694607049497
2019-05-01,1.2253991830672106
2019-06-01,1.2734915924826895
2019-07-01,1.016109045848812
2019-08-01,1.0146003464489128
2019-09-01,0.8380576780872451
2019-10-01,0.7253503811162965
2019-11-01,0.9642724687847659
2019-12-01,1.3358070500927743
2020-01-01,1.3623297087863806
2020-02-01,1.2208795315809207
2020-03-01,0.7399186089530163
2020-04-01,0.3183543528835653
2020-05-01,0.0855955001222819
2020-06-01,0.26858747405689165
2020-07-01,0.39254170755642637
2020-08-01,-0.1714845663890241
2020-09-01,-0.3177707162063004
2020-10-01,-0.2685219089466728
2020-11-01,-0.2938655565078885
2020-12-01,-0.2807274502624191
2021-01-01,0.912453760789167
2021-02-01,0.9353846153846268
2021-03-01,1.334312645366631
2021-04-01,1.6111314536799703
2021-05-01,1.9792302993280497
2021-06-01,1.89942773651528
2021-07-01,2.162756598240456
2021-08-01,2.944785276073625
2021-09-01,3.3594899460519745
2021-10-01,4.050911761106346
2021-11-01,4.875353063981325
2021-12-01,4.969400244798039
2022-01-01,5.107526881720426
2022-02-01,5.877332032678928
2022-03-01,7.44141096883304
2022-04-01,7.447447447447453
2022-05-01,8.05079669342279
2022-06-01,8.639024973115061
2022-07-01,8.86257624686042
2022-08-01,9.153754469606667
2022-09-01,9.928825622775816
2022-10-01,10.621030345800996
2022-11-01,10.04683840749414
2022-12-01,9.200093283582088
2023-01-01,8.637526156707743
2023-02-01,8.499366578371514
2023-03-01,6.881043400044984
2023-04-01,6.942425936277252
2023-05-01,6.098237055105882
2023-06-01,5.510338759348876
2023-07-01,5.284552845528467
2023-08-01,5.208560821139985
2023-09-01,4.316391496708749
2023-10-01,2.8708133971291794
2023-11-01,2.3728452862310956
2023-12-01,2.904431393486373
2024-01-01,2.760834670947032
2024-02-01,2.5687294342426448
2024-03-01,2.4090048390490226
2024-04-01,2.3520802843403743
2024-05-01,2.5499007210784796
2024-06-01,2.50182424684664
2024-07-01,2.5774809558593237
2024-08-01,2.1587960560456754
2024-09-01,1.727526637012522
2024-10-01,1.9948320413436749
2024-11-01,2.234694938156112
2024-12-01,2.4281415378229587
2025-01-01,2.499218994064356
2025-02-01,2.29742316050916
2025-03-01,2.1674370826913147
2025-04-01,2.1550403431723097
2025-05-01,1.864873127483957
2025-06-01,1.9627783992677728
2025-07-01,2.0142421159715207
2025-08-01,2.0217413390226424
2025-09-01,2.2167988610941602
2025-10-01,2.0774219700040453
2025-11-01,2.1146807645384236
2025-12-01,1.9349609968595027
2026-01-01,1.635680178807264
2026-02-01,1.8715225088518084
2026-03-01,2.5336818821636964
2026-04-01,2.9994001199760145
