ticker,weight
NVDA,0.08163346231328704
AAPL,0.07073278312132447
MSFT,0.048490014799915375
AMZN,0.0405875111735799
GOOGL,0.034784173704210934
AVGO,0.030632638948423947
GOOG,0.027678999609289916
META,0.020822191772290864
TSLA,0.01869057650669326
BRK-B,0.013912903030336505
MU,0.013185054414843814
LLY,0.01316455234158291
JPM,0.01288595828311376
AMD,0.011894214264896312
XOM,0.010098696920642627
INTC,0.008782171645238448
JNJ,0.00875840765109758
V,0.008623798382391423
WMT,0.008223602715166908
CSCO,0.0074200195010837985
COST,0.007121533728782205
CAT,0.006385400234490086
MA,0.006332449052598094
LRCX,0.005949123319740529
ABBV,0.005945671286907434
NFLX,0.005834355735405466
CVX,0.005596545693828181
UNH,0.0054899529234775785
BAC,0.005360646777674437
AMAT,0.0053517715512310885
PG,0.005237474243832708
ORCL,0.0050835836207225715
GE,0.00495560825859132
KO,0.004921538195412515
PLTR,0.0048787129764976
HD,0.004862753578327206
MRK,0.004738050142968191
GS,0.004663346151281567
PM,0.004589712790067815
TXN,0.004377177632364147
GEV,0.0043679722114758944
QCOM,0.003963073774884554
KLAC,0.003860663467502743
MS,0.0037727016685585807
LIN,0.003770510378151486
RTX,0.0037069229327766537
IBM,0.0037016498275504483
WFC,0.003686000612040419
C,0.0034097879559314894
SNDK,0.003404284715183077
PANW,0.0032864953513825224
PEP,0.003210040328548676
VZ,0.0031806230052753466
MCD,0.003135856643260083
ADI,0.0030259719343527017
NEE,0.0028766439981176115
AMGN,0.0028499182598648695
DIS,0.00284609600901779
STX,0.0027641777690046113
T,0.0027584343868417237
TJX,0.002741394352306186
BA,0.0026864720096370347
CRM,0.002631879861412789
TMO,0.002627067027230996
CRWD,0.002613398978390394
AXP,0.0026043536517784596
GILD,0.0026001511770251265
WDC,0.0025599274901003705
APH,0.002533571969861612
ANET,0.002480530734939191
UNP,0.0024595283670647973
ISRG,0.002427339411632722
BLK,0.002414661946126835
ABT,0.002370886167446286
ETN,0.002369615419128016
GLW,0.002361350552113128
WELL,0.0023542163509247325
SCHW,0.0023473923323967015
UBER,0.0023054176143247236
COP,0.0023018254989998514
PFE,0.002295591828115741
HON,0.0022567389484319522
PLD,0.0021149254372915126
DE,0.0020838371300091196
APP,0.002039280891731523
BKNG,0.002027503956529921
SPGI,0.0019928035221381166
VRT,0.0019552113848803282
MO,0.001933478586870236
BMY,0.0018912237038147025
LOW,0.0018844697265325604
CB,0.0018598152079796753
CVS,0.0018509900109976761
NEM,0.0018353708131644564
SBUX,0.001831528550532838
COF,0.0018304178964908856
PGR,0.0018277363173625685
VRTX,0.0017199628517241233
ACN,0.0017198727986936948
PH,0.0017058645495159187
SYK,0.001701682086547126
DHR,0.0016896550040387782
LMT,0.0016838215688454617
PWR,0.001681250054532113
NOW,0.001667301840707956
EQIX,0.001655004599108323
CME,0.001637564328881992
SO,0.0016232058734747719
HWM,0.0016035142774877271
CDNS,0.0015890657690500784
MDT,0.001571215257240684
SNPS,0.0015667326175037956
ADBE,0.0015665525114429387
TT,0.0015563765190045112
DUK,0.0015264589011176903
WMB,0.0014938597041025518
BNY,0.001492618973461092
MCK,0.0014628914675273977
CEG,0.0014286312923954658
TMUS,0.0014144129194800237
ADP,0.001414072719142849
CMCSA,0.0014101704211576113
FCX,0.0013937307401582645
INTU,0.0013884276172552493
BX,0.0013847754665767577
PNC,0.0013820438579870914
CMI,0.0013781815835709331
DELL,0.001366074453924427
ELV,0.0013571391921274603
GD,0.0013557783907787618
ICE,0.0013541774480155875
AMT,0.0013440214673616998
BSX,0.0013381179909224942
SLB,0.001337967902538447
USB,0.0013321244614528604
FDX,0.0013290626584182895
FTNT,0.0013254305195243374
JCI,0.0013238796062225123
CSX,0.0013238796062225123
CIEN,0.0012809743401694389
MAR,0.0012653051128748698
WM,0.001264784806476838
MMM,0.0012512768519125543
NXPI,0.001243172079173984
MRSH,0.0012384693098071592
MDLZ,0.0012337565345480646
MPWR,0.0012080914208759256
ORLY,0.0012037488636308148
EMR,0.0011979054225452284
EOG,0.0011943933543585147
ROST,0.0011834669199998493
CI,0.001175132011739073
VLO,0.001173991340020311
MPC,0.001170749430924883
UPS,0.001166947191862344
NOC,0.0011557405925201234
HLT,0.0011471155133835212
DDOG,0.0011419924965413632
CL,0.0011374798391276656
PSX,0.0011181584611546047
AEP,0.0011108841774744311
GM,0.001109843564678368
SHW,0.0011097935352170187
NSC,0.001105100771742464
COHR,0.0011048206067589082
-,0.001086910059595895
AON,0.0010856693289544347
MCO,0.0010731119341557858
TDG,0.001069209636170548
LITE,0.0010557617169598833
CRH,0.0010478770738512496
WBD,0.0010475768970831544
MSI,0.0010431242750230756
SPG,0.0010357199147433941
KMI,0.0010344991958864736
TRV,0.0010326180881397439
ITW,0.001030797015746633
BKR,0.0010195804105121425
APD,0.0010087440291839057
ECL,0.0010084038288467312
FIX,0.0010056221907957157
KKR,0.0010053220140276208
RCL,0.0010039612126789223
REGN,0.001003040670590097
DLR,0.0009707816739121333
MNST,0.0009683602479828322
HCA,0.0009614261646398332
TFC,0.0009514102664777234
SRE,0.0009467975501413272
DASH,0.0009377722353139317
APO,0.0009341501023122497
TEL,0.0009270359129083935
TRGP,0.0009267857656016475
KEYS,0.000925815194051473
OKE,0.000923193650276775
URI,0.0009210623952232991
CTAS,0.0009158593312429825
F,0.0009136280172668081
LHX,0.0009121271334263321
HOOD,0.0009067839869542376
D,0.0009023313648941588
PCAR,0.0008976986367732231
O,0.0008931859793595252
TGT,0.0008857315896184945
AZO,0.0008805085138536381
TER,0.0008788775534136542
ALL,0.0008771065104818925
ABNB,0.000873204212496655
AFL,0.0008568745963122764
GWW,0.0008543731232448164
DVN,0.0008481794759297855
COR,0.0008345114270891842
CTVA,0.0008333607494781527
NKE,0.0008298486812914388
NUE,0.000828157685497836
AJG,0.0008219740440750749
EBAY,0.0008191423765627102
AME,0.0008092365432155688
ROK,0.0007958886829276024
ADSK,0.0007956785591899358
ETR,0.0007935372982441901
MCHP,0.0007917362376356189
FAST,0.0007895149295517144
EW,0.0007793189253287475
VST,0.0007792789017596683
HPE,0.0007765072696009225
DAL,0.0007730152131987485
CARR,0.0007724648891239074
CVNA,0.0007558851256327827
PSA,0.0007545243242840845
XEL,0.0007505219673761486
EXC,0.0007380646315001978
CAH,0.0007354630995100395
MET,0.0007200940489835655
ON,0.0007112588461092968
EA,0.0007081770312901863
IDXX,0.0006966602492876005
FITB,0.000695819754336934
WAB,0.0006842429369807293
YUM,0.000673816797235556
MSCI,0.0006733165026220642
STT,0.0006730863670998577
CMG,0.0006668927197848269
OXY,0.0006595884184278439
RSG,0.0006582076052946058
BDX,0.0006545554546161144
VTR,0.0006536749360963684
AIG,0.0006434789318734016
AMP,0.0006427284899531636
COIN,0.0006424883485386875
NDAQ,0.00063608457748599
PYPL,0.0006338432576175458
CCI,0.0006220363047391347
PEG,0.0006198550202243097
KDP,0.0006177437769553735
TTWO,0.0006175936885713259
GRMN,0.0006166431288056911
ED,0.0006126607836822948
KR,0.0006095789688631841
FANG,0.000608148126268597
ODFL,0.0006039956809766135
DHI,0.0006026849090892645
JBL,0.0005979721338301699
EME,0.0005943600067207578
HIG,0.0005934194528473928
CBRE,0.0005927390521730437
CBOE,0.000582843224718172
IRM,0.0005824930184887277
ADM,0.0005811422230322993
XYZ,0.0005801216220207757
HUM,0.0005794512272386963
WEC,0.0005774900723538077
SYY,0.0005701657592122849
PCG,0.0005670539267163648
IBKR,0.0005665536321028728
EQT,0.0005654429780609204
PRU,0.0005559874098659218
ROP,0.0005423994081634793
HAL,0.0005403081766790827
VMC,0.0005379267743188609
ACGL,0.0005355253601740992
ZTS,0.0005345848063007344
KVUE,0.0005251492498902754
WAT,0.0005222075175629425
CCL,0.0005210868576287204
STLD,0.0005158937995406735
KMB,0.0005148731985291498
Q,0.0005107807885907854
UAL,0.0005062781370693574
MLM,0.0005062080958234685
HBAN,0.0005061280486853099
A,0.0005053876126573417
MTB,0.0005032963811729451
PAYX,0.0004918196227394388
NTRS,0.0004857660579161857
VICI,0.000483995014984424
FISV,0.0004810833003339006
AEE,0.0004801327405682658
EXR,0.00047605033652217124
CASY,0.00047556004780094905
AXON,0.0004745894762507746
RMD,0.0004734988339933621
DTE,0.000470186883652045
CPRT,0.0004694264358395372
FICO,0.0004603210738739829
GEHC,0.00045888022538712595
NRG,0.00045717922370125326
ATO,0.00045650882891917386
TDY,0.00045346703766914264
HSY,0.0004499349576978891
IQV,0.00044657297789522287
BIIB,0.0004455023474223501
OTIS,0.000443941428228255
DOV,0.0004400391302430175
TPR,0.0004360167615505419
CNP,0.00043565654942882766
DXCM,0.0004312939803991775
CNC,0.00043089374470838384
FSLR,0.0004306435974016379
EIX,0.0004294428903292571
NTAP,0.0004284723187790826
WDAY,0.00042437990884071813
XYL,0.0004189166916613856
PPL,0.0004186465325700999
CFG,0.00041527454687516384
RJF,0.0004126630089927356
AVB,0.0004110420544450216
CINF,0.000410641818754228
LYV,0.00041003145932576773
ES,0.0004089107993915457
DOW,0.0004022568810321022
ARES,0.0004001156200863565
VRSN,0.00039712385829767435
HUBB,0.0003933816545887543
EXPE,0.0003932315662047066
IR,0.0003924511066076591
CTSH,0.0003922810064390718
SYF,0.00038782838437899315
AWK,0.0003824652261223589
CPAY,0.0003810744070968512
WTW,0.0003803739946379624
VEEV,0.0003776824096173755
PPG,0.00037677187342082007
RF,0.0003751609247653758
FE,0.00037500083048905834
VRSK,0.0003741403237538522
OMC,0.00036625568064521836
EXE,0.00036470476734339324
DRI,0.00036404437845358374
TPL,0.0003635741015169013
DG,0.00036236338855225064
HPQ,0.0003593215973022193
WSM,0.00035680011245021976
CMS,0.00035642989443623565
WST,0.00035641988854396574
NI,0.00035583954679231503
TROW,0.00035515914611796594
ULTA,0.0003550790989798072
CHD,0.0003538783919074265
EQR,0.000353338073724855
FIS,0.00035313795587945827
MTD,0.00034817503331361775
PHM,0.0003475246503160781
FFIV,0.00034498315367953886
SBAC,0.0003429219398719518
EL,0.0003387094592263492
VLTO,0.0003386094003036509
LH,0.00033798903498292077
DGX,0.0003334563657846833
STE,0.0003328059827871437
EXPD,0.0003325458295881279
STZ,0.000329974315274779
AKAM,0.0003293039204926998
CHRW,0.0003233304028076054
PFG,0.00031871768647120913
KHC,0.0003169566494317173
ALB,0.00031430508798020984
KEY,0.00031406494656573364
WRB,0.0003123339272030513
LUV,0.0003116435206364324
SW,0.00031064293140944845
EFX,0.0003067206216396712
DD,0.00030544987332140153
JBHT,0.000304479301771227
EVRG,0.0003033786536215447
VTRS,0.00030123739267579893
PKG,0.0003001567563106562
LEN,0.0003001267386338467
IFF,0.00029971649705078324
SNA,0.0002976752950277359
CF,0.00029720501809105343
LNT,0.000295363933913403
L,0.0002891302630292927
TSN,0.00028819971504819757
FTV,0.0002874192554511501
GIS,0.0002817058909650715
LYB,0.0002810755197520716
SMCI,0.00027895427059086556
PTC,0.00027755344567308794
AMCR,0.00027730329836634195
ESS,0.0002765228387692945
BR,0.00027568234381862794
DLTR,0.0002726605643531363
GPN,0.000271549910311184
WY,0.00026670705845258157
ZBH,0.00026525620407345476
BRO,0.0002649260096285501
NVR,0.0002633851022189947
TSCO,0.0002621343656852647
SATS,0.00026091364682834424
INVH,0.0002580219439623606
IP,0.00025716143722715433
BG,0.00025581064177072595
KIM,0.0002554004001876625
MRNA,0.0002544398345297579
LDOS,0.00025266879159799625
INCY,0.00025183830253959954
TXT,0.0002478359456316636
GNRC,0.00024504430168837825
IEX,0.00024468408956666404
ROL,0.00024428385387587043
NDSN,0.000241622286532093
MAA,0.00024099191531909311
LII,0.00024075177390461694
BALL,0.00023709962322612538
LVS,0.0002353986215402526
DECK,0.00023465818551228446
RL,0.00022782416109198386
CDW,0.00022710373684855535
CSGP,0.0002256028530080794
HST,0.0002231714211865083
EG,0.00022228089677449255
GEN,0.0002171178563632552
APA,0.00021541685467738243
LULU,0.00021473645400303331
J,0.00021299542874808118
DOC,0.00021246511645777965
MAS,0.00021179472167570039
GPC,0.00021178471578343056
TYL,0.0002110142620786529
TRMB,0.0002087329186411294
REG,0.00020363991947578087
AIZ,0.00020138859371506693
TKO,0.00019877705583263875
FOXA,0.0001985469203104324
HII,0.00019556516441402013
SWKS,0.0001942844102034806
ZBRA,0.00019421436895759175
PNW,0.00019418435128078224
CHTR,0.0001939041862972267
AVY,0.00019321377973060777
GL,0.0001926434438712269
PNR,0.00019168287821332228
GDDY,0.00019140271322976675
COO,0.0001898317881434019
MKC,0.00018945156423714798
APTV,0.00018907134033089407
BBY,0.0001884809926869735
IVZ,0.000186950091169688
SWK,0.00018614961978810082
HAS,0.0001827276046318156
UDR,0.0001804262494097524
CLX,0.00017988593122718108
SOLV,0.0001781349000799591
ALLE,0.00017562342112022931
IT,0.00017424260798699136
SJM,0.00017396244300343585
CPT,0.00017343213071313438
ALGN,0.00017078056926162678
RVTY,0.00017039033946310303
PODD,0.00016995008020323008
AES,0.0001650571988832784
JKHY,0.00015884353978370784
BAX,0.00015482117109123222
TTD,0.00015426084112412118
DPZ,0.0001542408293395815
NWSA,0.000151709338595312
BEN,0.0001513491264735978
FRT,0.00014691651619805872
BXP,0.00013859161382955194
FDS,0.00013606012308528247
UHS,0.00013496948082786993
BLDR,0.000129466240079458
WYNN,0.00012799537391579153
FOX,0.00012458336465177616
CRL,0.00012440325859091903
TECH,0.00011760925773969775
ARE,0.00011756923417061839
NCLH,0.00011722903383344384
HSIC,0.00011625846228326939
MGM,0.00011325669460231741
MOS,0.00011211602288355567
TAP,0.00011108541597976216
CAG,0.00010212013650598564
DVA,0.00010113955906354135
AOS,0.00010088941175679534
HRL,9.761748498455772e-05
POOL,9.45256642731772e-05
EPAM,8.866221140305104e-05
ERIE,8.852212891127329e-05
BF-B,7.053153461010119e-05
CPB,6.376755143568946e-05
NWS,5.6333173479198425e-05
PSKY,5.112010360661186e-05
2602335D,3.001767680951959e-08
